Rosmerta ,ESTP,1,Slytherin,3.80890887429428
Rosmerta ,ESTP,2,Slytherin,3.616003206541365
Rosmerta ,ESTP,3,Slytherin,3.7063433133600525
Quigley Ogden,ISFJ,1,Hufflepuff,3.297603198620505
Quigley Ogden,ISFJ,2,Ravenclaw,3.3363238562523354
Quigley Ogden,ISFJ,3,Ravenclaw,3.4579724180184996
Quigley Ogden,ISFJ,4,Ravenclaw,3.379678093346961
Rita Peakes,ISTJ,1,Hufflepuff,3.0724375204993017
Rita Peakes,ISTJ,2,Ravenclaw,3.0101325122426155
Rita Peakes,ISTJ,3,Gryffindor,3.166938277603099
Rita Peakes,ISTJ,4,Ravenclaw,3.440946153488932
Rita Peakes,ISTJ,5,Ravenclaw,3.38942187915221
Rita Peakes,ISTJ,6,Hufflepuff,3.274714564247744
Rita Peakes,ISTJ,7,Gryffindor,3.343527555205037
Orla Krum,INFJ,1,Ravenclaw,3.004628054361437
Orla Krum,INFJ,2,Hufflepuff,3.253276867567909
Orla Krum,INFJ,3,Hufflepuff,3.0782732920572826
Orla Krum,INFJ,4,Ravenclaw,3.15933117065719
Karkus Kettleburn,ESFP,1,Gryffindor,3.3449348266721977
Karkus Kettleburn,ESFP,2,Hufflepuff,3.273086214303839
Karkus Kettleburn,ESFP,3,Ravenclaw,3.107815486958668
Karkus Kettleburn,ESFP,4,Gryffindor,3.359039100867928
Karkus Kettleburn,ESFP,5,Gryffindor,3.2986310548214672
Cho Shacklebolt,INFJ,1,Ravenclaw,3.0006258440205946
Cho Shacklebolt,INFJ,2,Gryffindor,3.537466900137684
Cho Shacklebolt,INFJ,3,Gryffindor,3.5197186604380155
Cho Shacklebolt,INFJ,4,Gryffindor,3.702453989953035
Cho Shacklebolt,INFJ,5,Gryffindor,3.9930020347173025
Cho Shacklebolt,INFJ,6,Gryffindor,3.7533797859689177
Igor Peverell,ISTP,1,Hufflepuff,3.3246316597937122
Igor Peverell,ISTP,2,Gryffindor,3.873492066657263
Igor Peverell,ISTP,3,Gryffindor,3.8176752792250332
Igor Peverell,ISTP,4,Gryffindor,3.719946679814708
Igor Peverell,ISTP,5,Gryffindor,3.894696405532108
Igor Peverell,ISTP,6,Gryffindor,3.827320435643485
Fat Friar Warbeck,INTJ,1,Slytherin,3.2551046274655144
Fat Friar Warbeck,INTJ,2,Ravenclaw,3.394724473406294
Fat Friar Warbeck,INTJ,3,Slytherin,3.2770696379450834
Fat Friar Warbeck,INTJ,4,Gryffindor,3.32571571556525
Fat Friar Warbeck,INTJ,5,Ravenclaw,3.41900134671211
Moony Wood,ENTJ,1,Gryffindor,3.153455164140536
Moony Wood,ENTJ,2,Slytherin,3.3074840315634138
Moony Wood,ENTJ,3,Ravenclaw,3.2634069818934575
Moony Wood,ENTJ,4,Gryffindor,3.0662349353368983
Moony Wood,ENTJ,5,Hufflepuff,3.2914878117977127
Moony Wood,ENTJ,6,Gryffindor,3.2816065174619466
Moony Wood,ENTJ,7,Gryffindor,3.0405828685019594
Gellert McGonagall,ESTJ,1,Gryffindor,3.1197737240103662
Gellert McGonagall,ESTJ,2,Hufflepuff,3.3991405026211763
Gellert McGonagall,ESTJ,3,Hufflepuff,3.2278864413497264
Peeves MacNair,ISFJ,1,Hufflepuff,3.395297262459866
Peeves MacNair,ISFJ,2,Ravenclaw,3.1866586719759225
Peeves MacNair,ISFJ,3,Slytherin,3.6438378129262214
Ritchie Lockhart,ENTP,1,Gryffindor,3.3606462401108477
Ritchie Lockhart,ENTP,2,Gryffindor,3.384434464701898
Ritchie Lockhart,ENTP,3,Slytherin,3.0906603958651635
Ritchie Lockhart,ENTP,4,Hufflepuff,3.4706392314513104
Ritchie Lockhart,ENTP,5,Slytherin,3.3962511911398914
Ritchie Lockhart,ENTP,6,Ravenclaw,3.3248921408871333
Ritchie Lockhart,ENTP,7,Slytherin,3.174101169204175
Pansy Purkiss,INTP,1,Gryffindor,3.0490979778307694
Pansy Purkiss,INTP,2,Hufflepuff,3.280549261452614
Pansy Purkiss,INTP,3,Slytherin,3.1179449888610145
Pansy Purkiss,INTP,4,Slytherin,3.4659058256743775
Pansy Purkiss,INTP,5,Hufflepuff,3.280442906577803
Pansy Purkiss,INTP,6,Slytherin,3.2765311318798815
Evan Kirke,ESFP,1,Ravenclaw,3.0184586394147823
Evan Kirke,ESFP,2,Slytherin,3.1843155996830537
Evan Kirke,ESFP,3,Ravenclaw,3.350471864084207
Evan Kirke,ESFP,4,Ravenclaw,3.289493947797846
Evan Kirke,ESFP,5,Slytherin,3.1041478264730573
Phineas Nigellus Hooch,INTJ,1,Ravenclaw,3.1676361460688196
Phineas Nigellus Hooch,INTJ,2,Slytherin,3.0353853210000175
Phineas Nigellus Hooch,INTJ,3,Hufflepuff,3.101622973232765
Susan Helga,ISFP,1,Hufflepuff,3.465830739082332
Susan Helga,ISFP,2,Hufflepuff,3.119387383421505
Ivan Dawlish,ISFJ,1,Gryffindor,3.0491599921195562
Ivan Dawlish,ISFJ,2,Ravenclaw,3.3179874378779735
Ivan Dawlish,ISFJ,3,Slytherin,3.7120194441009535
Ivan Dawlish,ISFJ,4,Slytherin,3.5746984237204975
Kevin Doreen,ENFP,1,Gryffindor,3.167643611514078
Kevin Doreen,ENFP,2,Ravenclaw,3.223664217990013
Kevin Doreen,ENFP,3,Hufflepuff,3.7977604177995894
Kevin Doreen,ENFP,4,Hufflepuff,3.8610786149988976
Kevin Doreen,ENFP,5,Hufflepuff,3.7575655389086497
Kevin Doreen,ENFP,6,Hufflepuff,3.7654546674624108
Ragnok Riddle,ESTP,1,Ravenclaw,3.4922720197194894
Ragnok Riddle,ESTP,2,Slytherin,3.968651884873807
Ragnok Riddle,ESTP,3,Slytherin,3.6743933719355013
Ragnok Riddle,ESTP,4,Slytherin,3.642961863943926
Ragnok Riddle,ESTP,5,Slytherin,3.7355005634522476
Ragnok Riddle,ESTP,6,Slytherin,3.8622609370657726
Barnabas the Barmy Lockhart,ISTJ,1,Hufflepuff,3.22829438480005
Bartemius Goshawk,ENFP,1,Slytherin,3.0567936764571275
Bartemius Goshawk,ENFP,2,Slytherin,3.3948897943878205
Bartemius Goshawk,ENFP,3,Gryffindor,3.008816147107316
Bartemius Goshawk,ENFP,4,Ravenclaw,3.351400776833776
Nearly Headless Nick Rabnott,ISFP,1,Gryffindor,3.1579351947530787
Nearly Headless Nick Rabnott,ISFP,2,Ravenclaw,3.834874445250343
Nearly Headless Nick Rabnott,ISFP,3,Ravenclaw,3.779102062175142
Nearly Headless Nick Rabnott,ISFP,4,Ravenclaw,3.724288666449564
Nearly Headless Nick Rabnott,ISFP,5,Ravenclaw,3.9444014460977255
Nearly Headless Nick Rabnott,ISFP,6,Ravenclaw,3.68580415110669
Nearly Headless Nick Rabnott,ISFP,7,Ravenclaw,3.7520003941624434
Sirius Thickey,ISFJ,1,Gryffindor,3.3261200769599784
Sirius Thickey,ISFJ,2,Gryffindor,3.3928864367037113
Sirius Thickey,ISFJ,3,Hufflepuff,3.388481472002979
Sirius Thickey,ISFJ,4,Gryffindor,3.374855698699079
Norbert Goldstein,INFP,1,Hufflepuff,3.0981866873640778
Norbert Goldstein,INFP,2,Slytherin,3.3754821843676015
Norbert Goldstein,INFP,3,Gryffindor,3.4574054195213177
Viktor Cattermole,INFP,1,Ravenclaw,3.9738786208574446
Viktor Cattermole,INFP,2,Ravenclaw,3.713967174257984
Viktor Cattermole,INFP,3,Ravenclaw,3.5342641091874283
Viktor Cattermole,INFP,4,Ravenclaw,3.9786005185204223
Viktor Cattermole,INFP,5,Ravenclaw,3.9482689396905286
Augusta Diggory,ENTP,1,Slytherin,3.2132508385091687
Augusta Diggory,ENTP,2,Gryffindor,3.217815309350977
Augusta Diggory,ENTP,3,Hufflepuff,3.2526217025118798
Scorpius Pennifold,ISTP,1,Hufflepuff,3.168481202314045
Scorpius Pennifold,ISTP,2,Ravenclaw,3.1591865757356
Scorpius Pennifold,ISTP,3,Slytherin,3.190708136626363
Quirinus McLaggen,INTJ,1,Slytherin,3.043430902580712
Quirinus McLaggen,INTJ,2,Gryffindor,3.35363585403762
Quirinus McLaggen,INTJ,3,Slytherin,3.426403308193179
Quirinus McLaggen,INTJ,4,Slytherin,3.075154853090293
Quirinus McLaggen,INTJ,5,Hufflepuff,3.3120975411993134
Troy Whitby,ISFJ,1,Hufflepuff,3.288855130301345
Troy Whitby,ISFJ,2,Gryffindor,3.437729245388042
Troy Whitby,ISFJ,3,Gryffindor,3.03480270413834
Troy Whitby,ISFJ,4,Ravenclaw,3.357302343439877
Dilys MacNair,ISFP,1,Hufflepuff,3.43358509865346
Dilys MacNair,ISFP,2,Gryffindor,3.1215016686161303
Padfoot Parkinson,ESTJ,1,Gryffindor,3.422954869726823
Padfoot Parkinson,ESTJ,2,Gryffindor,3.2028136592706913
Padfoot Parkinson,ESTJ,3,Ravenclaw,3.399597139214269
Padfoot Parkinson,ESTJ,4,Hufflepuff,3.1610651892353294
Padfoot Parkinson,ESTJ,5,Hufflepuff,3.280777070384241
Padfoot Parkinson,ESTJ,6,Slytherin,3.251500606863441
Charlie Umbridge,ESFJ,1,Ravenclaw,3.451340240286014
Charlie Umbridge,ESFJ,2,Ravenclaw,3.4287658905168694
Charlie Umbridge,ESFJ,3,Hufflepuff,3.323532724731374
Charlie Umbridge,ESFJ,4,Ravenclaw,3.3559968854726754
Charlie Umbridge,ESFJ,5,Slytherin,3.373647998901849
Rolanda Skeeter,INTP,1,Hufflepuff,3.06918992733733
Rolanda Skeeter,INTP,2,Ravenclaw,3.4685552872045884
Rolanda Skeeter,INTP,3,Slytherin,3.1482478054727343
Rolanda Skeeter,INTP,4,Hufflepuff,3.1681579297979092
Rolanda Skeeter,INTP,5,Hufflepuff,3.2250742336418114
Quintius Jigger,ESFJ,1,Ravenclaw,3.2273538940109785
Quintius Jigger,ESFJ,2,Slytherin,3.369703361916655
Quintius Jigger,ESFJ,3,Ravenclaw,3.0066168301766347
Alberic MacMillian,ENFP,1,Gryffindor,3.3913326106054207
Alberic MacMillian,ENFP,2,Slytherin,3.1616981839391145
Alberic MacMillian,ENFP,3,Ravenclaw,3.4413542235956998
Alberic MacMillian,ENFP,4,Slytherin,3.2469207262664814
Alberic MacMillian,ENFP,5,Slytherin,3.3369798253432927
Alberic MacMillian,ENFP,6,Ravenclaw,3.2972384404212907
Alberic MacMillian,ENFP,7,Slytherin,3.256097148585615
Norbert Hopkirk,ISFP,1,Ravenclaw,3.9071441748359055
Norbert Hopkirk,ISFP,2,Ravenclaw,3.6842299210668985
Norbert Hopkirk,ISFP,3,Ravenclaw,3.7230561572890917
Gladys MacFarlan,ESFP,1,Gryffindor,3.480912574129802
Gladys MacFarlan,ESFP,2,Hufflepuff,3.2780697827488665
Gladys MacFarlan,ESFP,3,Gryffindor,3.266971394096474
Gladys MacFarlan,ESFP,4,Gryffindor,3.2887736870138538
Gladys MacFarlan,ESFP,5,Slytherin,3.2886861434085284
Tenebrus Potter,ESTP,1,Ravenclaw,3.0550074884386884
Tenebrus Potter,ESTP,2,Hufflepuff,3.0155966957058147
Miranda Gryffindor,ISTP,1,Hufflepuff,3.3971579119862043
Miranda Gryffindor,ISTP,2,Hufflepuff,3.2374317175561615
Miranda Gryffindor,ISTP,3,Ravenclaw,3.459394353326385
Barberus Dumbledore,ISTP,1,Ravenclaw,3.1527222762003984
Barberus Dumbledore,ISTP,2,Hufflepuff,3.1736292283810292
Barberus Dumbledore,ISTP,3,Slytherin,3.1116718812353374
Barberus Dumbledore,ISTP,4,Hufflepuff,3.2333603461807705
Jean Jones,INTJ,1,Slytherin,3.0762694848646714
Jean Jones,INTJ,2,Gryffindor,3.4544289255599434
Bill Kettleburn,ENTP,1,Ravenclaw,3.2851496493435204
Bill Kettleburn,ENTP,2,Gryffindor,3.011514563012522
Bill Kettleburn,ENTP,3,Ravenclaw,3.287855432575629
Bill Kettleburn,ENTP,4,Hufflepuff,3.0682831410140996
Bill Kettleburn,ENTP,5,Ravenclaw,3.313111187826783
Cormac Doreen,INFP,1,Hufflepuff,3.2244731022831785
Cormac Doreen,INFP,2,Ravenclaw,3.522268250904824
Cormac Doreen,INFP,3,Ravenclaw,3.8559519297218294
Cormac Doreen,INFP,4,Ravenclaw,3.684027081846492
Cormac Doreen,INFP,5,Ravenclaw,3.7481035206407882
Cormac Doreen,INFP,6,Ravenclaw,3.647922499629698
Cormac Doreen,INFP,7,Ravenclaw,3.8117441299704273
Cuthbert Meliflua,INTJ,1,Ravenclaw,3.0469570768942567
Cuthbert Meliflua,INTJ,2,Slytherin,3.4733760620840197
Cuthbert Meliflua,INTJ,3,Hufflepuff,3.3115967593235562
Cuthbert Meliflua,INTJ,4,Ravenclaw,3.0972786086995
Cuthbert Meliflua,INTJ,5,Hufflepuff,3.1119289433976256
Cuthbert Meliflua,INTJ,6,Ravenclaw,3.200839968196533
Bertha Vulchanov,INTP,1,Ravenclaw,3.207697168888259
Bertha Vulchanov,INTP,2,Ravenclaw,3.281619474775062
Xenophilius Flamel,ISFP,1,Hufflepuff,3.412058499680805
Godric Mostafa,ENTP,1,Ravenclaw,3.328040169542737
Godric Mostafa,ENTP,2,Ravenclaw,3.1022921190768726
Godric Mostafa,ENTP,3,Gryffindor,3.1132753503606003
Scabior Bell,ISTP,1,Gryffindor,3.7302591527204827
Scabior Bell,ISTP,2,Gryffindor,3.617555455141392
Scabior Bell,ISTP,3,Gryffindor,3.959149508287757
Scabior Bell,ISTP,4,Gryffindor,3.924375755651936
Scabior Bell,ISTP,5,Gryffindor,3.549378276087125
Scabior Bell,ISTP,6,Gryffindor,3.917207596121516
Igor Doreen,ESTJ,1,Hufflepuff,3.266464570892749
Igor Doreen,ESTJ,2,Gryffindor,3.1211884038751725
Igor Doreen,ESTJ,3,Hufflepuff,3.2258818850023814
Igor Doreen,ESTJ,4,Ravenclaw,3.1981135696418264
Igor Doreen,ESTJ,5,Gryffindor,3.314925656534686
Igor Doreen,ESTJ,6,Hufflepuff,3.446588054678575
Igor Doreen,ESTJ,7,Hufflepuff,3.160525699171086
Helena Podmore,INTP,1,Ravenclaw,3.030476685397602
Helena Podmore,INTP,2,Ravenclaw,3.251764355938565
Helena Podmore,INTP,3,Slytherin,3.010237804251428
Helena Podmore,INTP,4,Slytherin,3.1004091850263436
Helena Podmore,INTP,5,Hufflepuff,3.2323820296796386
Helena Podmore,INTP,6,Slytherin,3.4327918217251714
Armando Maxime,INTJ,1,Hufflepuff,3.2294247966696186
Armando Maxime,INTJ,2,Slytherin,3.23516796096118
Armando Maxime,INTJ,3,Slytherin,3.2067251802163557
Michael Kettleburn,ISFP,1,Ravenclaw,3.926666246739787
Michael Kettleburn,ISFP,2,Ravenclaw,3.946669612794097
Michael Kettleburn,ISFP,3,Ravenclaw,3.916123868373595
Bozo MacFarlan,ESTP,1,Slytherin,3.850778444241759
Bozo MacFarlan,ESTP,2,Slytherin,3.604884410976036
Bozo MacFarlan,ESTP,3,Slytherin,3.7868110443729566
Bozo MacFarlan,ESTP,4,Slytherin,3.75167455647729
Bozo MacFarlan,ESTP,5,Slytherin,3.709290793686949
Bozo MacFarlan,ESTP,6,Slytherin,3.5517143873866246
Jimmy Gregorovitch,ISFP,1,Slytherin,3.0914261376233196
Jimmy Gregorovitch,ISFP,2,Ravenclaw,3.8431496990252625
Ronan Snape,ENTP,1,Slytherin,3.1726698642154707
Sirius Finnigan,ISFP,1,Ravenclaw,3.7273019349465075
Sirius Finnigan,ISFP,2,Ravenclaw,3.665445867723899
Ptolemy Clearwater,ISFP,1,Gryffindor,3.128179285769209
Fang Lynch,INTJ,1,Hufflepuff,3.130285813104381
Yaxley Turpin,ENTJ,1,Ravenclaw,3.0623145474635045
Victoire Edgecombe,ISTJ,1,Ravenclaw,3.2140545535161995
Victoire Edgecombe,ISTJ,2,Slytherin,3.3315832926863878
Kingsley Delaney-Podmore,ENTJ,1,Ravenclaw,3.394051586014057
Kingsley Delaney-Podmore,ENTJ,2,Slytherin,3.0838077529594514
Kingsley Delaney-Podmore,ENTJ,3,Gryffindor,3.340157110810411
Kingsley Delaney-Podmore,ENTJ,4,Slytherin,3.0865916215511606
Kingsley Delaney-Podmore,ENTJ,5,Ravenclaw,3.173587653958042
Michael Hopkirk,INFJ,1,Slytherin,3.4792053261055678
Michael Hopkirk,INFJ,2,Hufflepuff,3.3876942387376223
Fleur Diggory,ESTP,1,Slytherin,3.8360032420243226
Fleur Diggory,ESTP,2,Slytherin,3.6806838193811457
Fleur Diggory,ESTP,3,Slytherin,3.9122138578991206
Fleur Diggory,ESTP,4,Slytherin,3.633678064078106
Fleur Diggory,ESTP,5,Slytherin,3.9283953057879484
Trevor Bryce,INFP,1,Ravenclaw,3.9262972759219577
Trevor Bryce,INFP,2,Ravenclaw,3.6500216769965133
Trevor Bryce,INFP,3,Ravenclaw,3.859826241693277
Trevor Bryce,INFP,4,Ravenclaw,3.8857521183621424
Demelza Mumps,ISFJ,1,Hufflepuff,3.3221001294851686
Demelza Mumps,ISFJ,2,Ravenclaw,3.0426983341950593
Demelza Mumps,ISFJ,3,Ravenclaw,3.0799476001305526
Demelza Mumps,ISFJ,4,Ravenclaw,3.1279242928383737
Demelza Mumps,ISFJ,5,Hufflepuff,3.057802413389818
Demelza Mumps,ISFJ,6,Hufflepuff,3.0173103722882653
Romilda Karkaroff,ENTJ,1,Gryffindor,3.4008059399354056
Romilda Karkaroff,ENTJ,2,Hufflepuff,3.4918729741937904
Romilda Karkaroff,ENTJ,3,Gryffindor,3.028799224689522
Romilda Karkaroff,ENTJ,4,Ravenclaw,3.414095416290034
Romilda Karkaroff,ENTJ,5,Gryffindor,3.3293651650210623
Karkus Diggory,ISTJ,1,Hufflepuff,3.2803358784484153
Karkus Diggory,ISTJ,2,Gryffindor,3.0271322270381753
Regulus McClaggen,INTP,1,Ravenclaw,3.220645947191054
Neville Umbridge,INTJ,1,Hufflepuff,3.1509036045124823
Neville Umbridge,INTJ,2,Ravenclaw,3.23831611601728
Hestia Burbage,ENFJ,1,Gryffindor,3.2658761367493816
Hestia Burbage,ENFJ,2,Hufflepuff,3.70551094332915
Hestia Burbage,ENFJ,3,Hufflepuff,3.6291400591802896
Kreacher Binns,INTP,1,Hufflepuff,3.3728469252257884
Kreacher Binns,INTP,2,Hufflepuff,3.2783674148642827
Madam Poppy Warbeck,ESFJ,1,Ravenclaw,3.1396691155245957
Madam Poppy Warbeck,ESFJ,2,Gryffindor,3.222073250984848
Madam Poppy Warbeck,ESFJ,3,Gryffindor,3.310473224128636
Madam Poppy Warbeck,ESFJ,4,Gryffindor,3.224384800589007
Madam Poppy Warbeck,ESFJ,5,Slytherin,3.4319131566872887
Madam Poppy Warbeck,ESFJ,6,Gryffindor,3.2607496186836116
Nearly Headless Nick MacFarlan,ESFJ,1,Gryffindor,3.0938895289819865
Theodore Lovegood,INFP,1,Hufflepuff,3.2859576264435204
Theodore Lovegood,INFP,2,Gryffindor,3.46928012926697
Theodore Lovegood,INFP,3,Ravenclaw,3.652104974647714
Theodore Lovegood,INFP,4,Ravenclaw,3.7893375527325834
Theodore Lovegood,INFP,5,Ravenclaw,3.9004028067979397
Stan Goyle,INFP,1,Hufflepuff,3.2060711425426813
Stan Goyle,INFP,2,Slytherin,3.3704240642918206
Stan Goyle,INFP,3,Ravenclaw,3.765110914942748
Stan Goyle,INFP,4,Ravenclaw,3.8541800087484366
Stan Goyle,INFP,5,Ravenclaw,3.7030490928157813
Wendelin Sprout,ESFJ,1,Hufflepuff,3.01613213731733
Wendelin Sprout,ESFJ,2,Gryffindor,3.4785921271214173
Wendelin Sprout,ESFJ,3,Hufflepuff,3.379457680156724
Wendelin Sprout,ESFJ,4,Slytherin,3.446744689921868
Marge Longbottom,ISTJ,1,Slytherin,3.0242683668848898
Peeves Oswald,INTJ,1,Gryffindor,3.2331575862841353
Bartemius Gudgeon,ENTJ,1,Slytherin,3.013203921632648
Bartemius Gudgeon,ENTJ,2,Hufflepuff,3.147680247958545
Bartemius Gudgeon,ENTJ,3,Gryffindor,3.0164049572948914
Marcus Wood,INTJ,1,Hufflepuff,3.294106741848015
Marcus Wood,INTJ,2,Ravenclaw,3.323508260520675
Rose Kettleburn,INTJ,1,Slytherin,3.491070985469426
Rose Kettleburn,INTJ,2,Gryffindor,3.461062696229281
Rose Kettleburn,INTJ,3,Slytherin,3.4455329706060236
Rose Kettleburn,INTJ,4,Ravenclaw,3.1809333636242467
Buckbeak Warbeck,INFP,1,Gryffindor,3.0013226487235407
Jimmy Dumbledore,ENTP,1,Hufflepuff,3.404663262026922
Jimmy Dumbledore,ENTP,2,Hufflepuff,3.3964634245314556
Jimmy Dumbledore,ENTP,3,Gryffindor,3.493296131804149
Jimmy Dumbledore,ENTP,4,Gryffindor,3.06770139616887
Jimmy Dumbledore,ENTP,5,Slytherin,3.436505549814397
Jimmy Dumbledore,ENTP,6,Gryffindor,3.322254623910493
Jimmy Dumbledore,ENTP,7,Gryffindor,3.437283209882888
Fred Imago,ESFJ,1,Gryffindor,3.234335256791202
Fred Imago,ESFJ,2,Gryffindor,3.469822548990193
Fred Imago,ESFJ,3,Hufflepuff,3.091683675980334
Fred Imago,ESFJ,4,Ravenclaw,3.4368369508795062
Fred Imago,ESFJ,5,Gryffindor,3.2585920625502904
Fred Imago,ESFJ,6,Hufflepuff,3.0607037458262774
Rubeus Mimsey-Porpington,ESFJ,1,Ravenclaw,3.331409604024516
Rubeus Mimsey-Porpington,ESFJ,2,Gryffindor,3.0724678938377443
Rubeus Mimsey-Porpington,ESFJ,3,Hufflepuff,3.1091400326835155
Rubeus Mimsey-Porpington,ESFJ,4,Slytherin,3.10087448930967
Oliver Warrington,ESFP,1,Hufflepuff,3.062236717971045
Oliver Warrington,ESFP,2,Slytherin,3.1289769407825023
Oliver Warrington,ESFP,3,Hufflepuff,3.009935579945346
Oliver Warrington,ESFP,4,Hufflepuff,3.3672385760867787
Oliver Warrington,ESFP,5,Gryffindor,3.076630803904744
Oliver Warrington,ESFP,6,Slytherin,3.1710440618247135
Oliver Warrington,ESFP,7,Hufflepuff,3.2875782321676454
Lavender Nott,INFJ,1,Ravenclaw,3.2048822961888983
Lavender Nott,INFJ,2,Hufflepuff,3.4613370404483765
Lavender Nott,INFJ,3,Ravenclaw,3.0577520922310204
Lavender Nott,INFJ,4,Gryffindor,3.751627837757116
Seamus Bode,ENTP,1,Ravenclaw,3.4212021180434986
Seamus Bode,ENTP,2,Hufflepuff,3.345353532274014
Padfoot Evans,INTP,1,Ravenclaw,3.412734967858588
Padfoot Evans,INTP,2,Gryffindor,3.3551977735873297
Padfoot Evans,INTP,3,Hufflepuff,3.483655229458772
Padfoot Evans,INTP,4,Hufflepuff,3.008745372620677
Circe Sprout,ISFP,1,Hufflepuff,3.10951639040308
Circe Sprout,ISFP,2,Ravenclaw,3.874147470817908
Circe Sprout,ISFP,3,Ravenclaw,3.8216599866059884
Molly Binns,ISFJ,1,Ravenclaw,3.1805434588086543
Molly Binns,ISFJ,2,Gryffindor,3.009946640209423
Aurora Pennifold,ESFP,1,Ravenclaw,3.239782141183745
Aurora Pennifold,ESFP,2,Gryffindor,3.085752369002353
Colin Granger,ESTJ,1,Hufflepuff,3.135941258115545
Colin Granger,ESTJ,2,Gryffindor,3.2815432571561094
Remus Jordan,ENTP,1,Slytherin,3.1444641689385384
Remus Jordan,ENTP,2,Slytherin,3.3811341746344867
Daisy Keddle,ESFJ,1,Slytherin,3.1985860649825497
Daisy Keddle,ESFJ,2,Hufflepuff,3.4395539937053075
Snivellus Grunnion,ENFP,1,Slytherin,3.450847962303202
Jean Lupin,INTJ,1,Ravenclaw,3.376082860373182
Jean Lupin,INTJ,2,Hufflepuff,3.331198766736331
Jean Lupin,INTJ,3,Slytherin,3.1949976170234082
Patrick Prang,ENFP,1,Gryffindor,3.385849160583118
Patrick Prang,ENFP,2,Slytherin,3.1247812407750515
Patrick Prang,ENFP,3,Hufflepuff,3.697844173578965
Patrick Prang,ENFP,4,Hufflepuff,3.510637238317537
Patrick Prang,ENFP,5,Hufflepuff,3.757137774595009
Patrick Prang,ENFP,6,Hufflepuff,3.982102890396579
Garrick Karkaroff,ENFP,1,Ravenclaw,3.47616266370319
Garrick Karkaroff,ENFP,2,Gryffindor,3.087859481867499
Garrick Karkaroff,ENFP,3,Ravenclaw,3.2724467513573527
Garrick Karkaroff,ENFP,4,Hufflepuff,3.935493841073561
Arabella Clearwater,ENFJ,1,Gryffindor,3.030620982611532
Arabella Clearwater,ENFJ,2,Gryffindor,3.4401357564407666
Arabella Clearwater,ENFJ,3,Gryffindor,3.1648928275120096
Arabella Clearwater,ENFJ,4,Gryffindor,3.425597091509851
Arabella Clearwater,ENFJ,5,Ravenclaw,3.486895126201422
Irma Mumps,ENTJ,1,Gryffindor,3.169595861761623
Xenophilius Mimsey-Porpington,ISFJ,1,Slytherin,3.829483492132603
Xenophilius Mimsey-Porpington,ISFJ,2,Slytherin,3.9964019433504188
Xenophilius Mimsey-Porpington,ISFJ,3,Slytherin,3.611309668577883
Xenophilius Mimsey-Porpington,ISFJ,4,Slytherin,3.7155299988138877
Xenophilius Mimsey-Porpington,ISFJ,5,Slytherin,3.732725433919869
Xenophilius Mimsey-Porpington,ISFJ,6,Slytherin,3.762175235790746
Dedalus Longbottom,ESTJ,1,Gryffindor,3.2770932300205624
Dedalus Longbottom,ESTJ,2,Hufflepuff,3.3738391280586573
Dedalus Longbottom,ESTJ,3,Ravenclaw,3.4537969018799446
Dedalus Longbottom,ESTJ,4,Gryffindor,3.23860586749182
Amos Zeller,ISFJ,1,Ravenclaw,3.317275955552668
Amos Zeller,ISFJ,2,Slytherin,3.553787000288952
Amos Zeller,ISFJ,3,Slytherin,3.565768863723239
Amos Zeller,ISFJ,4,Slytherin,3.8628141558121456
Amos Zeller,ISFJ,5,Slytherin,3.7177902033241224
Amos Zeller,ISFJ,6,Slytherin,3.695150716303695
Florean Gudgeon,ISFP,1,Hufflepuff,3.4442920096381755
Ernie Doreen,ISTP,1,Ravenclaw,3.3211798043515945
Doris Zabini,INTJ,1,Ravenclaw,3.4638814963802576
Doris Zabini,INTJ,2,Ravenclaw,3.103408535822986
Fingal the Fearless Perks,ISFP,1,Slytherin,3.167574293770183
Fingal the Fearless Perks,ISFP,2,Hufflepuff,3.1007306271888817
Fingal the Fearless Perks,ISFP,3,Slytherin,3.282247005638702
Fingal the Fearless Perks,ISFP,4,Hufflepuff,3.220552023420708
Fleur Prang,ESFJ,1,Slytherin,3.1775549304911594
Fleur Prang,ESFJ,2,Slytherin,3.0031640005016826
Fleur Prang,ESFJ,3,Gryffindor,3.3548302244410704
Fleur Prang,ESFJ,4,Gryffindor,3.434097938765806
Fleur Prang,ESFJ,5,Hufflepuff,3.294141465056648
Fleur Prang,ESFJ,6,Gryffindor,3.447984609859533
Quirinus Tonks,ISFJ,1,Hufflepuff,3.011133355273887
Quirinus Tonks,ISFJ,2,Ravenclaw,3.365098094881376
Quirinus Tonks,ISFJ,3,Hufflepuff,3.3065077378911285
Quirinus Tonks,ISFJ,4,Gryffindor,3.2908809805533807
Quirinus Tonks,ISFJ,5,Slytherin,3.746495708447805
Quirinus Tonks,ISFJ,6,Slytherin,3.626107121962903
Quirinus Tonks,ISFJ,7,Slytherin,3.920055472356888
Bob Patil,ESTJ,1,Slytherin,3.1790552843764206
Bob Patil,ESTJ,2,Hufflepuff,3.167207394650298
Hannah Peakes,ESFP,1,Gryffindor,3.1451295080942434
Hannah Peakes,ESFP,2,Ravenclaw,3.426003361023066
Hannah Peakes,ESFP,3,Gryffindor,3.2171124896196206
Hannah Peakes,ESFP,4,Slytherin,3.448703435955642
Horace Brown,ESFP,1,Gryffindor,3.266127429398228
Horace Brown,ESFP,2,Gryffindor,3.200271952522896
Horace Brown,ESFP,3,Ravenclaw,3.444624118503304
Horace Brown,ESFP,4,Ravenclaw,3.0024488194441115
Horace Brown,ESFP,5,Ravenclaw,3.123632905861278
Horace Brown,ESFP,6,Gryffindor,3.1883216020302676
Wilfred Marchbanks,ISTP,1,Slytherin,3.0448485684292628
Wilfred Marchbanks,ISTP,2,Gryffindor,3.709632241443131
Wilfred Marchbanks,ISTP,3,Gryffindor,3.9809333899193695
Wilfred Marchbanks,ISTP,4,Gryffindor,3.8164308445602066
Wilfred Marchbanks,ISTP,5,Gryffindor,3.986627086032478
Wilfred Marchbanks,ISTP,6,Gryffindor,3.923103484909683
Wilfred Marchbanks,ISTP,7,Gryffindor,3.837997342730628
Padfoot Bragge,ESTJ,1,Gryffindor,3.011783296526181
Padfoot Bragge,ESTJ,2,Hufflepuff,3.431499081879342
Rolanda Grindelwald,ESFJ,1,Hufflepuff,3.2814159342361133
Rolanda Grindelwald,ESFJ,2,Slytherin,3.4553261252681176
Rolanda Grindelwald,ESFJ,3,Slytherin,3.2613826587370136
Winky Jordan,INTP,1,Ravenclaw,3.44556013220802
Winky Jordan,INTP,2,Gryffindor,3.033551471913185
Winky Jordan,INTP,3,Hufflepuff,3.361391050616525
Winky Jordan,INTP,4,Hufflepuff,3.0082059639036514
Winky Jordan,INTP,5,Gryffindor,3.182389865539391
Winky Jordan,INTP,6,Slytherin,3.151710752402993
Alastor Sprout,ENTJ,1,Ravenclaw,3.3665830721810757
Alastor Sprout,ENTJ,2,Ravenclaw,3.0985129767371014
Alastor Sprout,ENTJ,3,Slytherin,3.4700971676045422
Alastor Sprout,ENTJ,4,Ravenclaw,3.1556411282498598
Alastor Sprout,ENTJ,5,Slytherin,3.142027293284976
Fingal the Fearless Zeller,ISTP,1,Ravenclaw,3.334431262531629
Fingal the Fearless Zeller,ISTP,2,Slytherin,3.470129631716363
Fingal the Fearless Zeller,ISTP,3,Ravenclaw,3.0936130719616157
Fingal the Fearless Zeller,ISTP,4,Hufflepuff,3.370097214786329
Fingal the Fearless Zeller,ISTP,5,Hufflepuff,3.4718420650526864
Fingal the Fearless Zeller,ISTP,6,Ravenclaw,3.3192840693209633
Fingal the Fearless Zeller,ISTP,7,Gryffindor,3.9427725549672052
Ernie Vulchanov,ISTJ,1,Ravenclaw,3.1743181550879327
Ernie Vulchanov,ISTJ,2,Gryffindor,3.085975721914036
Ernie Vulchanov,ISTJ,3,Slytherin,3.303690757312786
Ernie Vulchanov,ISTJ,4,Ravenclaw,3.2360666918422107
Ernie Vulchanov,ISTJ,5,Slytherin,3.4587466112945577
Ernie Vulchanov,ISTJ,6,Slytherin,3.4720114954238053
Elphias Grunnion,INTP,1,Ravenclaw,3.304502300565094
Elphias Grunnion,INTP,2,Ravenclaw,3.405575820619911
Elphias Grunnion,INTP,3,Ravenclaw,3.0627910884413394
Elphias Grunnion,INTP,4,Slytherin,3.1844989107716404
Elphias Grunnion,INTP,5,Ravenclaw,3.4696579888477213
Elphias Grunnion,INTP,6,Hufflepuff,3.382441675212461
Elphias Grunnion,INTP,7,Slytherin,3.142110547107753
Cuthbert Binns,ESFJ,1,Slytherin,3.1418993036034903
Cuthbert Binns,ESFJ,2,Hufflepuff,3.2836336520785383
Cuthbert Binns,ESFJ,3,Slytherin,3.1680936643517237
Cuthbert Binns,ESFJ,4,Ravenclaw,3.4913399742964146
Cuthbert Binns,ESFJ,5,Slytherin,3.334253874548572
Gregory Malfoy,ISFJ,1,Hufflepuff,3.1141635372538357
Gregory Malfoy,ISFJ,2,Ravenclaw,3.453732801590567
Gregory Malfoy,ISFJ,3,Hufflepuff,3.0493737963324956
Gregory Malfoy,ISFJ,4,Slytherin,3.6836097557280896
Gregory Malfoy,ISFJ,5,Slytherin,3.8358354525540266
Gregory Malfoy,ISFJ,6,Slytherin,3.7118346052218714
Gregory Malfoy,ISFJ,7,Slytherin,3.64074153288473
Hepzibah Bagshot,ENFP,1,Gryffindor,3.120389196918085
Hepzibah Bagshot,ENFP,2,Slytherin,3.345899161616915
Hepzibah Bagshot,ENFP,3,Gryffindor,3.449778941638691
Hepzibah Bagshot,ENFP,4,Gryffindor,3.0815872911724
Hepzibah Bagshot,ENFP,5,Ravenclaw,3.3400004252543596
Amos Jigger,ENFP,1,Gryffindor,3.189719453360747
Amos Jigger,ENFP,2,Gryffindor,3.099726923279047
Amos Jigger,ENFP,3,Slytherin,3.221217609003618
Amos Jigger,ENFP,4,Slytherin,3.4558832516780913
Prongs Coote,ISTJ,1,Hufflepuff,3.1343683203978214
Prongs Coote,ISTJ,2,Gryffindor,3.4285916138332455
Prongs Coote,ISTJ,3,Hufflepuff,3.039159307573881
Prongs Coote,ISTJ,4,Slytherin,3.0241712128620772
Prongs Coote,ISTJ,5,Gryffindor,3.0191451981561075
Barberus Delacour,ENFJ,1,Hufflepuff,3.895376388608003
Barberus Delacour,ENFJ,2,Hufflepuff,3.8658094272013708
Barberus Delacour,ENFJ,3,Hufflepuff,3.997548151663892
Barberus Delacour,ENFJ,4,Hufflepuff,3.570779146328917
Barberus Delacour,ENFJ,5,Hufflepuff,3.678964530437673
Barberus Delacour,ENFJ,6,Hufflepuff,3.8439392713271325
Barberus Delacour,ENFJ,7,Hufflepuff,3.6319715181247774
Irma Murray,ENTJ,1,Ravenclaw,3.297996145693699
Irma Murray,ENTJ,2,Ravenclaw,3.146719791167982
Irma Murray,ENTJ,3,Gryffindor,3.2564741771593066
Padma Lestrange,ISFJ,1,Gryffindor,3.1989822614707744
Padma Lestrange,ISFJ,2,Ravenclaw,3.095513880418509
Padma Lestrange,ISFJ,3,Ravenclaw,3.3080570148927553
Padma Lestrange,ISFJ,4,Ravenclaw,3.032765483999231
Padma Lestrange,ISFJ,5,Ravenclaw,3.300426387268758
Padma Lestrange,ISFJ,6,Slytherin,3.8603504057267637
Penelope Volkov,INFP,1,Hufflepuff,3.478958554795377
Penelope Volkov,INFP,2,Hufflepuff,3.0453447740171096
Penelope Volkov,INFP,3,Slytherin,3.1251768126780872
Cho Finch-Fletchley,ISFJ,1,Hufflepuff,3.0745586029989065
Cho Finch-Fletchley,ISFJ,2,Gryffindor,3.08274130199893
Cho Finch-Fletchley,ISFJ,3,Ravenclaw,3.357737505742769
Cho Finch-Fletchley,ISFJ,4,Slytherin,3.9147297562443186
Cho Finch-Fletchley,ISFJ,5,Slytherin,3.624104830345135
Cho Finch-Fletchley,ISFJ,6,Slytherin,3.6201255360835787
Cho Finch-Fletchley,ISFJ,7,Slytherin,3.8883236084970556
Muriel Whisp,ENFJ,1,Slytherin,3.1285207550539837
Muriel Whisp,ENFJ,2,Slytherin,3.3090893634077205
Muriel Whisp,ENFJ,3,Gryffindor,3.4176346590933293
Muriel Whisp,ENFJ,4,Gryffindor,3.44135962587181
Muriel Whisp,ENFJ,5,Hufflepuff,3.8034683273560894
Muriel Whisp,ENFJ,6,Hufflepuff,3.832843415293465
Muriel Whisp,ENFJ,7,Hufflepuff,3.6374271486651595
Kennilworthy Coote,ISFJ,1,Hufflepuff,3.408843664197025
Kennilworthy Coote,ISFJ,2,Ravenclaw,3.0824556398780874
Paracelsus Warbeck,ESFP,1,Ravenclaw,3.4438034458435847
Paracelsus Warbeck,ESFP,2,Slytherin,3.2310875289039216
Piers Delaney-Podmore,ISFP,1,Hufflepuff,3.188762475207185
Piers Delaney-Podmore,ISFP,2,Ravenclaw,3.8142898698487255
Piers Delaney-Podmore,ISFP,3,Ravenclaw,3.532765497558203
Piers Delaney-Podmore,ISFP,4,Ravenclaw,3.8577734582742225
Piers Delaney-Podmore,ISFP,5,Ravenclaw,3.5622026806611142
Piers Delaney-Podmore,ISFP,6,Ravenclaw,3.734065325918154
Piers Delaney-Podmore,ISFP,7,Ravenclaw,3.655580078507351
Cedric Krum,INTJ,1,Slytherin,3.4301611066815325
Cedric Krum,INTJ,2,Hufflepuff,3.200976641303905
Cedric Krum,INTJ,3,Ravenclaw,3.386505687419622
Cedric Krum,INTJ,4,Slytherin,3.4727858162659593
Cedric Krum,INTJ,5,Slytherin,3.3380030834937027
Griselda Polkiss,INTJ,1,Ravenclaw,3.3450298832552434
Griselda Polkiss,INTJ,2,Slytherin,3.362340899626346
Cliodna Fortescue,ESFJ,1,Ravenclaw,3.2447308909143926
Cliodna Fortescue,ESFJ,2,Slytherin,3.2003157416476333
Cliodna Fortescue,ESFJ,3,Hufflepuff,3.3118550850259023
Ptolemy Karkaroff,ISFP,1,Gryffindor,3.4697374231149745
Ptolemy Karkaroff,ISFP,2,Ravenclaw,3.559053760369962
Ptolemy Karkaroff,ISFP,3,Ravenclaw,3.541552467684818
Lily Peasegood,ISFJ,1,Gryffindor,3.413997982857904
Lily Peasegood,ISFJ,2,Ravenclaw,3.0336506847150875
Lily Peasegood,ISFJ,3,Slytherin,3.6755672626517737
Lily Peasegood,ISFJ,4,Slytherin,3.9561548612832835
Livius Warbeck,ENTJ,1,Hufflepuff,3.1897348198584887
Livius Warbeck,ENTJ,2,Hufflepuff,3.044335102392996
Livius Warbeck,ENTJ,3,Hufflepuff,3.084224511362665
Livius Warbeck,ENTJ,4,Hufflepuff,3.201892368611986
Livius Warbeck,ENTJ,5,Slytherin,3.213908493352128
Livius Warbeck,ENTJ,6,Ravenclaw,3.4753417548891665
Kendra Quirke,ISTP,1,Ravenclaw,3.4853185474926303
Nymphadora Edgecombe,ESTJ,1,Gryffindor,3.337183875636654
Nymphadora Edgecombe,ESTJ,2,Gryffindor,3.0658616175247997
Nymphadora Edgecombe,ESTJ,3,Hufflepuff,3.0017656310709713
Nymphadora Edgecombe,ESTJ,4,Slytherin,3.404412279926015
Nymphadora Edgecombe,ESTJ,5,Slytherin,3.3300642850247395
Nymphadora Edgecombe,ESTJ,6,Gryffindor,3.2433112015578516
Nymphadora Edgecombe,ESTJ,7,Ravenclaw,3.119391565631542
Troy Carrow,INFP,1,Hufflepuff,3.0628526548262442
Troy Carrow,INFP,2,Gryffindor,3.2437635913938814
Troy Carrow,INFP,3,Slytherin,3.0608194838629457
Troy Carrow,INFP,4,Ravenclaw,3.544176314197377
Troy Carrow,INFP,5,Ravenclaw,3.6459260868806407
Arthur Corner,ESTJ,1,Hufflepuff,3.2180963358139407
Arthur Corner,ESTJ,2,Gryffindor,3.1712624656050417
Arthur Corner,ESTJ,3,Hufflepuff,3.2985528013489707
Lisa Higgs,ENTJ,1,Hufflepuff,3.279886749608213
Lisa Higgs,ENTJ,2,Hufflepuff,3.340174500685606
Lisa Higgs,ENTJ,3,Slytherin,3.1919863658714744
Lisa Higgs,ENTJ,4,Slytherin,3.4286026169633095
Aurora Ollivander,INFJ,1,Slytherin,3.0260337822362464
Molly Smith,INFP,1,Slytherin,3.476343659257943
Molly Smith,INFP,2,Hufflepuff,3.1053530214642717
Molly Smith,INFP,3,Slytherin,3.1933591266948875
Emmeline Marchbanks,INTJ,1,Gryffindor,3.387461382780476
Alecto Gryffindor,ESTP,1,Gryffindor,3.138792951774942
Alecto Gryffindor,ESTP,2,Ravenclaw,3.3687577710984775
Dobby Imago,ESFP,1,Hufflepuff,3.4264760901624025
Dobby Imago,ESFP,2,Gryffindor,3.040492969197641
Dobby Imago,ESFP,3,Gryffindor,3.027577715799989
Dobby Imago,ESFP,4,Gryffindor,3.27551775303834
Dobby Imago,ESFP,5,Ravenclaw,3.137830546546619
Dobby Imago,ESFP,6,Slytherin,3.2699700122644706
Dobby Imago,ESFP,7,Gryffindor,3.283263726071359
Ronan Gudgeon,INTJ,1,Ravenclaw,3.348285420958303
Ronan Gudgeon,INTJ,2,Ravenclaw,3.025997016657087
Ronan Gudgeon,INTJ,3,Hufflepuff,3.4134179646850766
Ronan Gudgeon,INTJ,4,Hufflepuff,3.053744169080449
Elfrida Fletcher,ENTP,1,Hufflepuff,3.170007606048064
Elfrida Fletcher,ENTP,2,Hufflepuff,3.0272508226872925
Elfrida Fletcher,ENTP,3,Gryffindor,3.0137556312861107
Elfrida Fletcher,ENTP,4,Ravenclaw,3.2381820012162965
Elfrida Fletcher,ENTP,5,Slytherin,3.098020092666997
Elfrida Fletcher,ENTP,6,Slytherin,3.479140497946722
Alicia Vulchanov,ISFP,1,Slytherin,3.268893120558106
Dilys Imago,INFJ,1,Slytherin,3.3770469110480437
Dilys Imago,INFJ,2,Gryffindor,3.9383623365711062
Dilys Imago,INFJ,3,Gryffindor,3.8941646128162404
Dilys Imago,INFJ,4,Gryffindor,3.603817509737157
Dilys Imago,INFJ,5,Gryffindor,3.667705928647025
Dilys Imago,INFJ,6,Gryffindor,3.9611381980047518
Aberforth Cresswell,ISFJ,1,Slytherin,3.855110213292758
Aberforth Cresswell,ISFJ,2,Slytherin,3.9426010952557364
Aberforth Cresswell,ISFJ,3,Slytherin,3.869751904380969
Aberforth Cresswell,ISFJ,4,Slytherin,3.989165938871361
Bozo Gryffindor,ENTP,1,Slytherin,3.3615312424146286
Bozo Gryffindor,ENTP,2,Ravenclaw,3.3811686327924524
Bozo Gryffindor,ENTP,3,Hufflepuff,3.350759719554324
Bozo Gryffindor,ENTP,4,Hufflepuff,3.210764636504595
Bozo Gryffindor,ENTP,5,Gryffindor,3.3073701082046263
Oliver Hopkirk,INFJ,1,Slytherin,3.1349294597508894
Aidan Thicknesse,INTJ,1,Slytherin,3.431686273815191
Aidan Thicknesse,INTJ,2,Gryffindor,3.418053248979665
Aidan Thicknesse,INTJ,3,Slytherin,3.093085818938254
Aidan Thicknesse,INTJ,4,Slytherin,3.4419565037831696
Kendra Bragge,ESFP,1,Gryffindor,3.082818795701532
Kendra Bragge,ESFP,2,Hufflepuff,3.4928827185827367
Fat Friar Slinkhard,ENFJ,1,Gryffindor,3.4749282121694254
Fat Friar Slinkhard,ENFJ,2,Gryffindor,3.0398031813982556
Fat Friar Slinkhard,ENFJ,3,Hufflepuff,3.5532297067128753
Fat Friar Slinkhard,ENFJ,4,Hufflepuff,3.779929613754204
Newton Fudge,ESFP,1,Gryffindor,3.1196689894344063
Newton Fudge,ESFP,2,Slytherin,3.1679229851942035
Newton Fudge,ESFP,3,Slytherin,3.226983961514941
Katie Rosier,ISFP,1,Ravenclaw,3.891728315162804
Katie Rosier,ISFP,2,Ravenclaw,3.8805662543315003
Katie Rosier,ISFP,3,Ravenclaw,3.528470068048149
Cliodna Slinkhard,ESTJ,1,Hufflepuff,3.445848622087998
Cliodna Slinkhard,ESTJ,2,Hufflepuff,3.126564203856883
Cliodna Slinkhard,ESTJ,3,Hufflepuff,3.487903939320173
Emmeline Doreen,ESTP,1,Slytherin,3.800919479262174
Emmeline Doreen,ESTP,2,Slytherin,3.6617116950327326
Violet Sprout,ENFP,1,Gryffindor,3.106441109470425
Violet Sprout,ENFP,2,Slytherin,3.402334725528612
Violet Sprout,ENFP,3,Hufflepuff,3.9655352309136482
Fred Fortescue,ENTP,1,Hufflepuff,3.4017234036229183
Fred Fortescue,ENTP,2,Ravenclaw,3.3078743696308104
Fred Fortescue,ENTP,3,Gryffindor,3.318169207799143
Fred Fortescue,ENTP,4,Hufflepuff,3.4382948830874067
Fred Fortescue,ENTP,5,Gryffindor,3.3394052711198743
Godric Oswald,ESTJ,1,Ravenclaw,3.088589497240801
Godric Oswald,ESTJ,2,Hufflepuff,3.132979776096159
Godric Oswald,ESTJ,3,Hufflepuff,3.302769884561617
Godric Oswald,ESTJ,4,Slytherin,3.3195059009773225
Godric Oswald,ESTJ,5,Ravenclaw,3.3219675962596793
Godric Oswald,ESTJ,6,Hufflepuff,3.006363404814948
Marvolo Hufflepuff,INFJ,1,Ravenclaw,3.122559554628206
Padfoot Cattermole,ISTP,1,Hufflepuff,3.0809904569125672
Padfoot Cattermole,ISTP,2,Slytherin,3.006553837410309
Padfoot Cattermole,ISTP,3,Gryffindor,3.8954035070835498
Padfoot Cattermole,ISTP,4,Gryffindor,3.7818465253138687
Padfoot Cattermole,ISTP,5,Gryffindor,3.5161186626179863
Prongs Davies,ESTP,1,Hufflepuff,3.0660382130299717
Prongs Davies,ESTP,2,Slytherin,3.6080873844170203
Emmeline Creevey,ISTP,1,Gryffindor,3.5147535281660014
Emmeline Creevey,ISTP,2,Gryffindor,3.66180599425632
Emmeline Creevey,ISTP,3,Gryffindor,3.813541881493036
Emmeline Creevey,ISTP,4,Gryffindor,3.9453971565815613
Emmeline Creevey,ISTP,5,Gryffindor,3.621944484911945
Emmeline Creevey,ISTP,6,Gryffindor,3.744273885703267
Emmeline Creevey,ISTP,7,Gryffindor,3.5027218113375227
Ludo Smith,ISFJ,1,Gryffindor,3.0763367758826092
Ludo Smith,ISFJ,2,Hufflepuff,3.3304094008362872
Reginald Cresswell,ESFP,1,Gryffindor,3.02912847196218
MykewÂ Mumps,ENTJ,1,Slytherin,3.328948067052322
MykewÂ Mumps,ENTJ,2,Ravenclaw,3.3804910366869123
MykewÂ Mumps,ENTJ,3,Hufflepuff,3.415772450805032
MykewÂ Mumps,ENTJ,4,Hufflepuff,3.3619997794519283
MykewÂ Mumps,ENTJ,5,Slytherin,3.422437135069808
MykewÂ Mumps,ENTJ,6,Hufflepuff,3.0962133325791523
Gladys Longbottom,ESFJ,1,Slytherin,3.309373327943662
Gladys Longbottom,ESFJ,2,Ravenclaw,3.030843982679597
Gladys Longbottom,ESFJ,3,Gryffindor,3.4199847940568007
Gladys Longbottom,ESFJ,4,Ravenclaw,3.3757569456086585
Piers Dedalus,ISTP,1,Hufflepuff,3.3278982918889994
Piers Dedalus,ISTP,2,Ravenclaw,3.4502448772357655
Piers Dedalus,ISTP,3,Gryffindor,3.790227574138388
Piers Dedalus,ISTP,4,Gryffindor,3.8556242787230026
Piers Dedalus,ISTP,5,Gryffindor,3.562696698399712
Dennis Gryffindor,ESTJ,1,Slytherin,3.1729032433808824
Dennis Gryffindor,ESTJ,2,Ravenclaw,3.1797989691584903
Dennis Gryffindor,ESTJ,3,Gryffindor,3.352605870152209
Dirk Slytherin,ESFJ,1,Ravenclaw,3.0033508366549357
Dirk Slytherin,ESFJ,2,Slytherin,3.35825713741712
Dirk Slytherin,ESFJ,3,Gryffindor,3.1687331267204115
Dirk Slytherin,ESFJ,4,Hufflepuff,3.4491011125553297
Dirk Slytherin,ESFJ,5,Ravenclaw,3.2238937794274922
Dirk Slytherin,ESFJ,6,Hufflepuff,3.2750884537253144
Ignotus Kettleburn,ENFJ,1,Ravenclaw,3.262382888216432
Ignotus Kettleburn,ENFJ,2,Gryffindor,3.102341387467128
Ignotus Kettleburn,ENFJ,3,Ravenclaw,3.302097876251981
Inigo Cattermole,ENFJ,1,Gryffindor,3.2142163242377864
Inigo Cattermole,ENFJ,2,Hufflepuff,3.8992337296795543
Inigo Cattermole,ENFJ,3,Hufflepuff,3.562358853175387
Inigo Cattermole,ENFJ,4,Hufflepuff,3.5426324965836247
Inigo Cattermole,ENFJ,5,Hufflepuff,3.927236908803945
Inigo Cattermole,ENFJ,6,Hufflepuff,3.8752083948613656
Karkus Johnson,ENTP,1,Gryffindor,3.411067581232996
Karkus Johnson,ENTP,2,Slytherin,3.2337127218819672
Karkus Johnson,ENTP,3,Hufflepuff,3.0465150124942912
Karkus Johnson,ENTP,4,Hufflepuff,3.003046497663597
Karkus Johnson,ENTP,5,Ravenclaw,3.1029741178149206
Karkus Johnson,ENTP,6,Ravenclaw,3.131413693016995
Karkus Johnson,ENTP,7,Gryffindor,3.2047375736950934
Rubeus Bode,ISTP,1,Ravenclaw,3.2598152631983375
Prongs Zograf,INFP,1,Gryffindor,3.383653192525111
Prongs Zograf,INFP,2,Ravenclaw,3.5254723235612606
Prongs Zograf,INFP,3,Ravenclaw,3.9058188286780267
Prongs Zograf,INFP,4,Ravenclaw,3.502800449683801
Prongs Zograf,INFP,5,Ravenclaw,3.87420276273451
Prongs Zograf,INFP,6,Ravenclaw,3.5569902436603864
Prongs Zograf,INFP,7,Ravenclaw,3.624231577950185
Narcissa Prang,ENFJ,1,Ravenclaw,3.080911098823962
Narcissa Prang,ENFJ,2,Hufflepuff,3.7538295400796797
Narcissa Prang,ENFJ,3,Hufflepuff,3.9071433517887626
Narcissa Prang,ENFJ,4,Hufflepuff,3.6534023865618783
Narcissa Prang,ENFJ,5,Hufflepuff,3.583279548694451
Narcissa Prang,ENFJ,6,Hufflepuff,3.8571975703672807
Narcissa Prang,ENFJ,7,Hufflepuff,3.8343301178084843
Marvolo Riddle,ESFJ,1,Slytherin,3.455442333183134
Marvolo Riddle,ESFJ,2,Gryffindor,3.301347698714287
Ritchie Ogden,ENFJ,1,Slytherin,3.050604837094955
Moaning Myrtle Krum,ISFP,1,Slytherin,3.167366689837224
Moaning Myrtle Krum,ISFP,2,Slytherin,3.43925989278498
Moaning Myrtle Krum,ISFP,3,Slytherin,3.0318039563091883
Firenze Zograf,INFP,1,Ravenclaw,3.503616082086072
Firenze Zograf,INFP,2,Ravenclaw,3.9389792261306527
Firenze Zograf,INFP,3,Ravenclaw,3.901569970773192
Gregory the Smarmy Flamel,INTP,1,Ravenclaw,3.1359635597084274
Gregory the Smarmy Flamel,INTP,2,Gryffindor,3.0549404733494376
Gregory the Smarmy Flamel,INTP,3,Gryffindor,3.269399792317334
Ron Diggle,ENTP,1,Hufflepuff,3.03632503588473
Ron Diggle,ENTP,2,Gryffindor,3.453819352473715
Ron Diggle,ENTP,3,Slytherin,3.17977628335986
Ron Diggle,ENTP,4,Gryffindor,3.379497025828317
Ron Diggle,ENTP,5,Slytherin,3.440178172514716
Ron Diggle,ENTP,6,Hufflepuff,3.0922558274783203
Ron Diggle,ENTP,7,Ravenclaw,3.106860995957496
Charity Grunnion,INFP,1,Gryffindor,3.010260601634155
Charity Grunnion,INFP,2,Slytherin,3.2227570823376976
Charity Grunnion,INFP,3,Ravenclaw,3.6128887339659697
Charity Grunnion,INFP,4,Ravenclaw,3.697487116426907
Charity Grunnion,INFP,5,Ravenclaw,3.9114849254627506
Charity Grunnion,INFP,6,Ravenclaw,3.591903772615551
Rosmerta Grubbly-Plank,ENTJ,1,Hufflepuff,3.0483083953076227
Rosmerta Grubbly-Plank,ENTJ,2,Slytherin,3.4524713947900456
Rosmerta Grubbly-Plank,ENTJ,3,Ravenclaw,3.2497144505450906
Troy Peakes,ISTJ,1,Slytherin,3.3676462628178205
Troy Peakes,ISTJ,2,Slytherin,3.384140301012001
Troy Peakes,ISTJ,3,Slytherin,3.4653032270580812
Troy Peakes,ISTJ,4,Slytherin,3.361574857030307
Troy Peakes,ISTJ,5,Hufflepuff,3.0000249943128283
Troy Peakes,ISTJ,6,Slytherin,3.0674181137980847
Peter Pennifold,ISFJ,1,Gryffindor,3.081559108280029
Peter Pennifold,ISFJ,2,Slytherin,3.80949871966168
Peter Pennifold,ISFJ,3,Slytherin,3.7461507257446476
Peter Pennifold,ISFJ,4,Slytherin,3.8130725978855837
Lee Quirrell,ESFP,1,Slytherin,3.3026137797025807
Lee Quirrell,ESFP,2,Gryffindor,3.2007748798167435
Lee Quirrell,ESFP,3,Slytherin,3.2719776985415243
Oblansk Zabini,ESFJ,1,Ravenclaw,3.088183384279009
Oblansk Zabini,ESFJ,2,Ravenclaw,3.067818910362856
Irma Peasegood,ESTJ,1,Ravenclaw,3.2457161836295723
Irma Peasegood,ESTJ,2,Ravenclaw,3.4172909650656145
Bartemius Crouch Junior Grindelwald,INFJ,1,Hufflepuff,3.3536551313549547
Bartemius Crouch Junior Grindelwald,INFJ,2,Hufflepuff,3.3294175071862626
Bartemius Crouch Junior Grindelwald,INFJ,3,Ravenclaw,3.1813185109013333
Bartemius Crouch Junior Grindelwald,INFJ,4,Gryffindor,3.965139317121188
Bartemius Crouch Junior Grindelwald,INFJ,5,Gryffindor,3.7342823717931934
Bartemius Crouch Junior Grindelwald,INFJ,6,Gryffindor,3.682186918537848
Pansy Figg,ISTP,1,Gryffindor,3.6848271475362435
Pansy Figg,ISTP,2,Gryffindor,3.613460686455225
Pansy Figg,ISTP,3,Gryffindor,3.850533547943325
Pansy Figg,ISTP,4,Gryffindor,3.8572752550457254
Miranda Shacklebolt,ESTJ,1,Gryffindor,3.3928267332864244
Alicia Burbage,ENTP,1,Gryffindor,3.0900695417859434
Alicia Burbage,ENTP,2,Slytherin,3.450763115646142
Luna Whitby,ENTP,1,Hufflepuff,3.3029356602708773
Luna Whitby,ENTP,2,Hufflepuff,3.481674100885856
Modesty Dippet,INFP,1,Hufflepuff,3.131254962558544
Percy Higgs,ISFJ,1,Gryffindor,3.4488452879459865
Bill Doge,ENTJ,1,Gryffindor,3.175270600270176
Bill Doge,ENTJ,2,Gryffindor,3.411624111275634
Bill Doge,ENTJ,3,Ravenclaw,3.1570484084877757
Bill Doge,ENTJ,4,Gryffindor,3.028206870320805
Nymphadora Davies,INFJ,1,Ravenclaw,3.137190862104073
Nymphadora Davies,INFJ,2,Gryffindor,3.941961659287853
Emmeline Riddle,ESTP,1,Hufflepuff,3.4143537978071903
Emmeline Riddle,ESTP,2,Gryffindor,3.2012384336716697
Moran Malfoy,INTJ,1,Slytherin,3.2188909861595176
Moran Malfoy,INTJ,2,Ravenclaw,3.0813139732957566
Moran Malfoy,INTJ,3,Slytherin,3.3823964673128133
Moran Malfoy,INTJ,4,Hufflepuff,3.25636153537551
Phyllida Keddle,INTJ,1,Ravenclaw,3.3329655818584283
Phyllida Keddle,INTJ,2,Hufflepuff,3.4806410784187545
Millicent MacMillian,ENFJ,1,Hufflepuff,3.77442978590697
Pigwidgeon Bones,ENFJ,1,Hufflepuff,3.615653576945316
Pigwidgeon Bones,ENFJ,2,Hufflepuff,3.822821807181488
Pigwidgeon Bones,ENFJ,3,Hufflepuff,3.980164450343473
Pigwidgeon Bones,ENFJ,4,Hufflepuff,3.873386716375235
Kennilworthy Millicent,INFP,1,Slytherin,3.159712801064186
Kennilworthy Millicent,INFP,2,Ravenclaw,3.9210455944255145
John Twycross,ESTJ,1,Slytherin,3.061709328917361
John Twycross,ESTJ,2,Ravenclaw,3.347169312344798
John Twycross,ESTJ,3,Gryffindor,3.105658911640664
Rose Lynch,INFP,1,Hufflepuff,3.0558248079619728
Modesty Jigger,ENFJ,1,Hufflepuff,3.825173360499242
Modesty Jigger,ENFJ,2,Hufflepuff,3.550673546006957
Modesty Jigger,ENFJ,3,Hufflepuff,3.784298670441773
Modesty Jigger,ENFJ,4,Hufflepuff,3.77250848317818
Roger Elphick,ESTP,1,Gryffindor,3.0932280402995658
Roger Elphick,ESTP,2,Ravenclaw,3.3183637348738646
Roger Elphick,ESTP,3,Slytherin,3.777879751197587
Roger Elphick,ESTP,4,Slytherin,3.548061104400535
Roger Elphick,ESTP,5,Slytherin,3.793888454502285
Roger Elphick,ESTP,6,Slytherin,3.621531142502906
Griselda Pomfrey,ISFP,1,Slytherin,3.2490451420207656
Muriel Flitwick,ISTJ,1,Ravenclaw,3.3199495672137243
Muriel Flitwick,ISTJ,2,Gryffindor,3.191375326289198
Muriel Flitwick,ISTJ,3,Gryffindor,3.4586239451214578
Muriel Flitwick,ISTJ,4,Hufflepuff,3.2303175571708147
Muriel Flitwick,ISTJ,5,Gryffindor,3.301759138486388
Muriel Flitwick,ISTJ,6,Slytherin,3.298971241249237
Helga Vane,ESTJ,1,Hufflepuff,3.096738514703961
Helga Vane,ESTJ,2,Hufflepuff,3.3431250236799164
Fang Sprout,ESTJ,1,Hufflepuff,3.4192272029664035
Fang Sprout,ESTJ,2,Hufflepuff,3.0855162212339984
Fang Sprout,ESTJ,3,Hufflepuff,3.2447113989709426
Fang Sprout,ESTJ,4,Slytherin,3.1799911829249847
Fang Sprout,ESTJ,5,Ravenclaw,3.2203636192038507
Fang Sprout,ESTJ,6,Ravenclaw,3.2628472461321283
Rolanda Kneen,ESFJ,1,Gryffindor,3.068344900360997
Rolanda Kneen,ESFJ,2,Gryffindor,3.2114158004800797
Rolanda Kneen,ESFJ,3,Gryffindor,3.2117541636760314
Rolanda Kneen,ESFJ,4,Slytherin,3.1541789164487404
Rolanda Kneen,ESFJ,5,Slytherin,3.307098248739018
Rolanda Kneen,ESFJ,6,Hufflepuff,3.258099054790737
Broderick Mumps,ENTJ,1,Gryffindor,3.3414469837291247
Broderick Mumps,ENTJ,2,Slytherin,3.082467760626001
Morgana Kirke,ENTJ,1,Hufflepuff,3.2777055872336716
Morgana Kirke,ENTJ,2,Gryffindor,3.0298526807619774
Ludo Jones,ISTP,1,Ravenclaw,3.248758713618911
Dedalus Millicent,ISFP,1,Ravenclaw,3.8898153112659823
Morgana Mimsey-Porpington,ISFP,1,Ravenclaw,3.868153231223392
Morgana Mimsey-Porpington,ISFP,2,Ravenclaw,3.736883363794411
Morgana Mimsey-Porpington,ISFP,3,Ravenclaw,3.5376549692924026
Morgana Mimsey-Porpington,ISFP,4,Ravenclaw,3.788022676666456
Quintius Volkov,ESTP,1,Ravenclaw,3.3737658403012145
Quintius Volkov,ESTP,2,Slytherin,3.8138302449304073
Quintius Volkov,ESTP,3,Slytherin,3.8479265682850525
Quintius Volkov,ESTP,4,Slytherin,3.5223805309764873
Quintius Volkov,ESTP,5,Slytherin,3.710781079005325
Quintius Volkov,ESTP,6,Slytherin,3.7602631580104493
Scorpius MacMillian,ENTP,1,Slytherin,3.0920055642379203
Demelza Switch,ENFP,1,Slytherin,3.0466138038545925
Demelza Switch,ENFP,2,Ravenclaw,3.126741954001229
Orla Finch-Fletchley,ISTJ,1,Ravenclaw,3.215444011203845
Hamish Dippet,INTJ,1,Ravenclaw,3.4610518195724578
Hamish Dippet,INTJ,2,Gryffindor,3.426658082449427
Hamish Dippet,INTJ,3,Hufflepuff,3.1991329820125873
Hamish Dippet,INTJ,4,Gryffindor,3.1354011042456347
Hamish Dippet,INTJ,5,Hufflepuff,3.008060235656575
Hamish Dippet,INTJ,6,Ravenclaw,3.4791298446983134
Vernon Mimsey-Porpington,INTP,1,Gryffindor,3.1820979460853036
Seamus Granger,INFP,1,Ravenclaw,3.689156350533481
Seamus Granger,INFP,2,Ravenclaw,3.8069979372067
Seamus Granger,INFP,3,Ravenclaw,3.823645902648365
Seamus Granger,INFP,4,Ravenclaw,3.62797881865538
Seamus Granger,INFP,5,Ravenclaw,3.5976753670810746
Seamus Granger,INFP,6,Ravenclaw,3.8475219150952897
Seamus Prang,ISTP,1,Hufflepuff,3.15144670570008
Seamus Prang,ISTP,2,Slytherin,3.3492665302444236
Seamus Prang,ISTP,3,Gryffindor,3.7998179940460095
Seamus Prang,ISTP,4,Gryffindor,3.684307674158059
Seamus Prang,ISTP,5,Gryffindor,3.7901873796220777
Charity Kneen,ISFP,1,Slytherin,3.164038803810405
Phyllida Bryce,ESFJ,1,Slytherin,3.070463505884271
Phyllida Bryce,ESFJ,2,Ravenclaw,3.4120380010345785
Phyllida Bryce,ESFJ,3,Ravenclaw,3.3909419149885194
Phyllida Bryce,ESFJ,4,Hufflepuff,3.4250088902678737
Hokey Hagrid,ESTP,1,Gryffindor,3.398443872838912
Hokey Hagrid,ESTP,2,Slytherin,3.8408382256735507
Reginald Timms,ISFJ,1,Slytherin,3.7052167151121482
Reginald Timms,ISFJ,2,Slytherin,3.8858497630702296
Terence Perks,ISTJ,1,Ravenclaw,3.4401366131226867
Terence Perks,ISTJ,2,Hufflepuff,3.0350642023275665
Silvanus Ivanova,ENTP,1,Ravenclaw,3.424813559442993
Silvanus Ivanova,ENTP,2,Gryffindor,3.4059998999262757
Silvanus Ivanova,ENTP,3,Ravenclaw,3.2154043329319206
Moony Ollivander,ESFP,1,Slytherin,3.023184305393541
Moony Ollivander,ESFP,2,Slytherin,3.294429288777713
Moony Ollivander,ESFP,3,Gryffindor,3.0575950100248717
Moony Ollivander,ESFP,4,Slytherin,3.032292037779049
Rita Crabbe,ESTJ,1,Gryffindor,3.4638727901018624
Rita Crabbe,ESTJ,2,Ravenclaw,3.2518189154470836
Rita Crabbe,ESTJ,3,Ravenclaw,3.4620778560048135
Justin Gregorovitch,INTJ,1,Ravenclaw,3.4579387824881245
Justin Gregorovitch,INTJ,2,Hufflepuff,3.3362631864731775
Justin Gregorovitch,INTJ,3,Ravenclaw,3.197152710818716
Justin Gregorovitch,INTJ,4,Slytherin,3.1609188555297894
Justin Gregorovitch,INTJ,5,Ravenclaw,3.4270487154291875
Justin Gregorovitch,INTJ,6,Ravenclaw,3.0265613100420543
Pius Slughorn,INTJ,1,Slytherin,3.289959401840661
Pius Slughorn,INTJ,2,Ravenclaw,3.088086074091492
Morgana Bode,ISFP,1,Slytherin,3.421998019542592
Firenze Vane,ESFJ,1,Ravenclaw,3.3592916887507345
Firenze Vane,ESFJ,2,Gryffindor,3.0195061142419233
Firenze Vane,ESFJ,3,Hufflepuff,3.1567990422652343
Firenze Vane,ESFJ,4,Slytherin,3.2091040230928156
Firenze Vane,ESFJ,5,Hufflepuff,3.430168595462928
Firenze Vane,ESFJ,6,Gryffindor,3.047156356727981
Firenze Vane,ESFJ,7,Ravenclaw,3.3069792484736724
Ripper Millicent,ISFP,1,Ravenclaw,3.8820192382418153
Lisa Lockhart,ENFP,1,Ravenclaw,3.156500086006762
Nearly Headless Nick Clearwater,ESTP,1,Gryffindor,3.3470732943400234
Nearly Headless Nick Clearwater,ESTP,2,Slytherin,3.739891385434812
Nearly Headless Nick Clearwater,ESTP,3,Slytherin,3.5551560637174537
Nearly Headless Nick Clearwater,ESTP,4,Slytherin,3.55133160454331
Nearly Headless Nick Clearwater,ESTP,5,Slytherin,3.5751887093860315
Cassandra Bulstrode,ISTJ,1,Hufflepuff,3.1934782774920976
Cassandra Bulstrode,ISTJ,2,Gryffindor,3.0903505192713223
Snuffles Boardman,ENFJ,1,Gryffindor,3.2707149239106603
Snuffles Boardman,ENFJ,2,Gryffindor,3.2479243418970114
Griselda ,INFJ,1,Ravenclaw,3.138648196287608
Griselda ,INFJ,2,Gryffindor,3.582554538979462
Griselda ,INFJ,3,Gryffindor,3.7937899643260105
Rosmerta Flitwick,ISFJ,1,Hufflepuff,3.056574316618234
Rosmerta Flitwick,ISFJ,2,Hufflepuff,3.001959495352673
Rosmerta Flitwick,ISFJ,3,Slytherin,3.9462527379056263
Rosmerta Flitwick,ISFJ,4,Slytherin,3.819133410431544
Rosmerta Flitwick,ISFJ,5,Slytherin,3.9784324099389816
Theodore Bell,INTP,1,Gryffindor,3.188103135478297
Theodore Bell,INTP,2,Hufflepuff,3.384963695356072
Theodore Bell,INTP,3,Ravenclaw,3.475545240046324
Theodore Bell,INTP,4,Hufflepuff,3.45390811517606
Hestia Nott,ENFP,1,Slytherin,3.1408714598766556
Hestia Nott,ENFP,2,Hufflepuff,3.9548954051608374
Hestia Nott,ENFP,3,Hufflepuff,3.5540364620131846
Hestia Nott,ENFP,4,Hufflepuff,3.69762408408825
Hestia Nott,ENFP,5,Hufflepuff,3.624878354860067
Petunia Boardman,ENFP,1,Hufflepuff,3.8635538441425994
Petunia Boardman,ENFP,2,Hufflepuff,3.5342958534245077
Petunia Boardman,ENFP,3,Hufflepuff,3.6214942571712836
Petunia Boardman,ENFP,4,Hufflepuff,3.6718715886398066
Petunia Boardman,ENFP,5,Hufflepuff,3.939552224851111
Petunia Boardman,ENFP,6,Hufflepuff,3.546595143486063
Gregory the Smarmy Mumps,INFJ,1,Hufflepuff,3.2720944159043954
Gregory the Smarmy Mumps,INFJ,2,Gryffindor,3.741270838392058
Gregory the Smarmy Mumps,INFJ,3,Gryffindor,3.9131597805778466
Neville Grindelwald,ESTJ,1,Gryffindor,3.364343316196653
Neville Grindelwald,ESTJ,2,Slytherin,3.3007021555706215
Neville Grindelwald,ESTJ,3,Slytherin,3.336284140615596
Neville Grindelwald,ESTJ,4,Gryffindor,3.217296392309466
Neville Grindelwald,ESTJ,5,Gryffindor,3.4252279184047714
Neville Grindelwald,ESTJ,6,Slytherin,3.4855978831090737
Tom Murray,INFJ,1,Gryffindor,3.578091199653824
Tom Murray,INFJ,2,Gryffindor,3.972979043743691
Tom Murray,INFJ,3,Gryffindor,3.510623405534959
Tom Murray,INFJ,4,Gryffindor,3.8203409226707388
Tom Murray,INFJ,5,Gryffindor,3.745277630274233
Tom Murray,INFJ,6,Gryffindor,3.635332840160223
Jean Filch,ESFJ,1,Gryffindor,3.225814266929011
Jean Filch,ESFJ,2,Gryffindor,3.2534493766353694
Jean Filch,ESFJ,3,Slytherin,3.0829427759757757
Jean Filch,ESFJ,4,Slytherin,3.469802234087116
Jean Filch,ESFJ,5,Hufflepuff,3.3207415895888692
Oliver Boardman,ISTJ,1,Gryffindor,3.4151252217038732
Oliver Boardman,ISTJ,2,Ravenclaw,3.008000983836331
Oliver Boardman,ISTJ,3,Ravenclaw,3.032484272568418
Oliver Boardman,ISTJ,4,Ravenclaw,3.4654218836786423
Oliver Boardman,ISTJ,5,Gryffindor,3.4660160327358334
Quirinus Filch,ENFJ,1,Hufflepuff,3.8498346239035413
Quirinus Filch,ENFJ,2,Hufflepuff,3.972917070492066
Quirinus Filch,ENFJ,3,Hufflepuff,3.6038620358930955
Quirinus Filch,ENFJ,4,Hufflepuff,3.8366881824005983
Quirinus Filch,ENFJ,5,Hufflepuff,3.6421262991029555
Quirinus Filch,ENFJ,6,Hufflepuff,3.933846149758223
Quirinus Filch,ENFJ,7,Hufflepuff,3.7679123813413655
Morgana Meliflua,ENFP,1,Ravenclaw,3.0751150337837667
Morgana Meliflua,ENFP,2,Slytherin,3.0541110182326268
Morgana Meliflua,ENFP,3,Gryffindor,3.3518791743720326
Morgana Meliflua,ENFP,4,Gryffindor,3.1851253306120526
Morgana Meliflua,ENFP,5,Ravenclaw,3.0205142987604736
Morgana Meliflua,ENFP,6,Gryffindor,3.260407058060461
Morgana Meliflua,ENFP,7,Ravenclaw,3.072759906309863
Bill Jordan,ESTJ,1,Gryffindor,3.1077664040989603
Bill Jordan,ESTJ,2,Slytherin,3.4001857905738255
Bill Jordan,ESTJ,3,Gryffindor,3.3981137435722606
Bill Jordan,ESTJ,4,Ravenclaw,3.4195971827101497
Bill Jordan,ESTJ,5,Slytherin,3.4428932037463604
Ernie Weasley,INFJ,1,Gryffindor,3.5748832293677886
Ernie Weasley,INFJ,2,Gryffindor,3.8548746789741353
George Bagshot,INFP,1,Slytherin,3.146172933689605
Cho Maxime,ENFP,1,Hufflepuff,3.9114715032175584
Cho Maxime,ENFP,2,Hufflepuff,3.8465069255543307
Cho Maxime,ENFP,3,Hufflepuff,3.8717118360793235
Cho Maxime,ENFP,4,Hufflepuff,3.6290551780500104
Marge Dolohov,INTJ,1,Hufflepuff,3.1663226192508884
Marge Dolohov,INTJ,2,Ravenclaw,3.2976606097381205
Marge Dolohov,INTJ,3,Ravenclaw,3.0012475257953257
Marge Dolohov,INTJ,4,Slytherin,3.436838979050921
Marge Dolohov,INTJ,5,Hufflepuff,3.2443378767990807
Marge Dolohov,INTJ,6,Hufflepuff,3.3765917843881135
Marge Dolohov,INTJ,7,Ravenclaw,3.4739751570251443
Ted Rookwood,INFJ,1,Slytherin,3.3484553565787616
Ted Rookwood,INFJ,2,Hufflepuff,3.256237357286925
Ted Rookwood,INFJ,3,Ravenclaw,3.4055960311697335
Ted Rookwood,INFJ,4,Slytherin,3.216361868061113
Ted Rookwood,INFJ,5,Gryffindor,3.86821088498082
Ted Rookwood,INFJ,6,Gryffindor,3.9874155927853376
Ted Rookwood,INFJ,7,Gryffindor,3.7331060135909344
Ariana Warrington,ENTP,1,Slytherin,3.440382899586642
Nagini Pennifold,ENTJ,1,Gryffindor,3.159006125999758
Nagini Pennifold,ENTJ,2,Slytherin,3.2143581054120287
Nagini Pennifold,ENTJ,3,Slytherin,3.1111326759362434
Bertha Jigger,ISFP,1,Slytherin,3.1913054501126488
Bertha Jigger,ISFP,2,Hufflepuff,3.378718671140926
Bertha Jigger,ISFP,3,Gryffindor,3.219562414182887
Bertha Jigger,ISFP,4,Gryffindor,3.0524571109193537
Bertha Jigger,ISFP,5,Hufflepuff,3.1598715659473298
Bertha Jigger,ISFP,6,Hufflepuff,3.3737959416008723
Troy Umbridge,INTJ,1,Gryffindor,3.2268135922552252
Troy Umbridge,INTJ,2,Gryffindor,3.222398122059479
Troy Umbridge,INTJ,3,Slytherin,3.2812430371282737
Dudley McLaggen,ENFJ,1,Hufflepuff,3.748342304730129
Dudley McLaggen,ENFJ,2,Hufflepuff,3.674973266662036
Dudley McLaggen,ENFJ,3,Hufflepuff,3.593396095430452
Dudley McLaggen,ENFJ,4,Hufflepuff,3.9113204713152694
Dudley McLaggen,ENFJ,5,Hufflepuff,3.9265496670064493
Dudley McLaggen,ENFJ,6,Hufflepuff,3.608013915553145
Dudley McLaggen,ENFJ,7,Hufflepuff,3.5344626019292966
Lavender Thicknesse,INFP,1,Gryffindor,3.29942877220063
Lavender Thicknesse,INFP,2,Gryffindor,3.0899553181113846
Lavender Thicknesse,INFP,3,Slytherin,3.027759481678871
Lavender Thicknesse,INFP,4,Ravenclaw,3.519432753344191
Lavender Thicknesse,INFP,5,Ravenclaw,3.696714653847893
Lavender Thicknesse,INFP,6,Ravenclaw,3.969503004046721
Lavender Thicknesse,INFP,7,Ravenclaw,3.69854620944289
Argus Warrington,ENTJ,1,Hufflepuff,3.213981725238011
Barnabas the Barmy Dursley,ESTP,1,Ravenclaw,3.170646745462877
Barnabas the Barmy Dursley,ESTP,2,Gryffindor,3.1204778321141453
Barnabas the Barmy Dursley,ESTP,3,Ravenclaw,3.2846279972661083
Barnabas the Barmy Dursley,ESTP,4,Gryffindor,3.2447402376968015
Barnabas the Barmy Dursley,ESTP,5,Gryffindor,3.315384173854827
Silvanus Bragge,ENTJ,1,Gryffindor,3.437783425179938
Silvanus Bragge,ENTJ,2,Gryffindor,3.190079397440301
Fleur Keddle,ESTJ,1,Gryffindor,3.328500621103187
Fleur Keddle,ESTJ,2,Gryffindor,3.012616414877741
Fleur Keddle,ESTJ,3,Hufflepuff,3.1099655290795947
Fleur Keddle,ESTJ,4,Slytherin,3.0925441316657096
Fleur Keddle,ESTJ,5,Gryffindor,3.031599312663939
Fleur Keddle,ESTJ,6,Ravenclaw,3.041631146076811
Ginny Johnson,ESTJ,1,Slytherin,3.3426805469756564
Ginny Johnson,ESTJ,2,Hufflepuff,3.1863028390864594
Ginny Johnson,ESTJ,3,Hufflepuff,3.3351851640509835
Sirius Dumbledore,INFP,1,Hufflepuff,3.006759277736228
Severus Polkiss,INFJ,1,Slytherin,3.1970976718412496
Gwendolyn Quirke,ESFP,1,Hufflepuff,3.01048150204055
Gwendolyn Quirke,ESFP,2,Gryffindor,3.2828295567285575
Eunice Jordan,ESFP,1,Slytherin,3.0504119799563054
Eunice Jordan,ESFP,2,Gryffindor,3.1400536812826574
Eunice Jordan,ESFP,3,Ravenclaw,3.464571439742439
Eunice Jordan,ESFP,4,Hufflepuff,3.361747982609373
Eunice Jordan,ESFP,5,Gryffindor,3.09276105555705
Doris Finch-Fletchley,ENFJ,1,Ravenclaw,3.4724804298513647
